﻿political,mattycus,"Democracy is captured by greedy politicians, But Modi Honesty Hardworking Simplicity Respecting Others makes him great these virtues are quite rarer in politics"
political,ElleCTF,"It is nice that san Francisco a historical city of politics and human rights and change, has a fantastic mural for Greta Thunberg inspirational.  "
political,Karoli,why is nobody taking this with countries like china?Oh I forgot...this is politics not climate change.
political,joy_wolf,I care about the world we are leaving for our kids and grandkids to deal with!  Please listen to youth!  They see through politics and class divides to the real issues!
political,mybirch,Wow... Science has nothing to do with our fires.... Politics is at play here... if the Greens would let fireys do backburning during winter months and also let 4wd clubs do regular maintenance like they were doing years ago and we wouldn’t have the problems we are now
political,coZZ,"Pick up trash, consume less meat and most importantly:"
political,mimismo,make politics realize that drastic measurements are needed to tackle climate change! 
political,erinx3leannexo,@GretaThunberg is the only way the ‘normal’ person & the frustrated or someone who sees politics as a crock of boll*cks can ever feel something genuine that will change for the GOOD. 
political,pardonlauren,"Tory and Labour are totally and unequivocally, embarrassingly inept."
pollution,scotthamilton,"Do your research dummy...... teachers, lawyers, dental hygienists.......... ARE NOT SCIENTISTS !!!! If you want to truly save the world, start with the polluting country CHINA. Then maybe you would actually make a difference. Stop interfering with world politics and lying !!!"
climate change,JillEvansjp0077,On the very day climate activist and 16 yo child Greta Thunberg delivered her inspiring speech at the United Nations Nikki Haley found it in her heart to defend this polluted economy of our country. Shame upon you Nikki and a pox upon your politics.
neutral,Saketi,"I think she should of stayed in Sweden, looks like their own emissions are on the rise!!!!"
neutral,scotthamilton,"200,000 people added to the planet every day is more of an environmental problem than climate change."
pollution,Michael,I wonder how much pollution each race car emits per lap compared to average cars on the road... probably a ton!
neutral,Sia ,"After hearing that whiny rant at the UN it makes me want go outside and fire up the BBQ , and then go cut down some trees"
climate change,Patrick,"Instead of not going to school, how about actually learning something from school so people can help climate change with science. Talk is cheap, doing is priceless"
climate change,Must,"Hi there wonder why you know nothing about ""climat changes""? Is it because you never went to your ""physic class"" on fridays?"
climate change,Omg,"I think more commercials would help. The more we see, the more it makes people understand how real it is right now #ClimateChangeIsReal "
climate change,Hasan,"Whoever is unable to think for themselves and act on someone else their idea's just because they need to form a group. Shouldn't be on strike. Sure, the climate is something we should value. But i hate people that just go with the hype. So hypocritical. In the end nothing changes"
climate change,Reza,"NASA admits that climate change occurs because of changes in Earth’s solar orbit, and NOT because of SUVs and fossil fuels"
neutral,Marilyn,Hi Greta! I absolutely love what you are doing!  I wish I could work with you hands on so I could learn more about Environmental Basics and learn to live and speak of it for the rest of my life!!  God bless you!
political,John,"WHAT ABOUT CHINA, Greta? More 'greenhouse gasses"" now than both US and EU put together. No end in sight. Don't see ANY action from you on this. Or your rich friends. Shut down carbon emissions from the EU tomorrow and China and India, on current path, will quickly replace it all."
neutral,Dave,That's because the majority of production is outsourced to china.
neutral,Gordon,"When will you study, baby ??  Studying is very important.  You have got into the affair of money and fame from now on."
political,Pashmam,"I have solar panels, a insulated house, wood burning stove. Yet still my gas bills are high, because a profit has to be made by energy companies. If those companies were Nationalised then users could be given massive discounts for using less energy."
climate change,Moms,My doughter and her friend took part in a project in Italy about climate change and pollution around the world. They really care about saving our earth and they want people to be aware of the poor conditions that are coming out during these last periods.
climate change,Brit,My doughter and her friend took part in a project in Italy about climate change and pollution around the world. They really care about saving our earth and they want people to be aware of the poor conditions that are coming out during these last periods.
pollution,Baletown,And outrageously pollutes the oceans by pooping over the side.
pollution,Flyigless,Nice looking boat. Looks like most of it is made from materials derived from oil.
neutral,Swedenin,"Reading your tweet, from the comfortable seat on my electric train, brings joy. The technology exists for the world we desire to live in."
neutral,Rohi,Safe travels!
pollution,Mast,So much of fuel wasted!
neutral,Drew,It's a sailing boat. It has sails. They use the wind.
neutral,Brian,Nerves of steel crossing the Atlantic in November in that little boat. Safe travels!
pollution,Hull,"They know about their pollution problems and are working on it. But, Americans like Trump, apparently have been propagandized into denial. Trump is ignoring the climate crisis despite his own scientists warning him that it's the greatest threat to US national security."
neutral,Nick,Stay safe and warm! I'm a sailor myself from time to time and I know the ocean can be rough and humbling - but also very enjoyable! All the best and thank you for all your efforts!